Дата,Магазин,Код_товара,Количество,Сумма
2018-08-02,NORTHSIDE LIQUOR,INV-13613400005,24,297.12
2018-08-13,HY-VEE FOOD STORE #2 / COUNCIL BLUFFS,INV-13814000011,24,561.36
2018-08-15,BENZ DISTRIBUTING,INV-13872300019,24,359.76
2018-08-22,KUM & GO #227 / AMES,INV-13995300015,24,188.4
2018-08-28,MIDTOWN LIQUOR,INV-14107200002,48,139.2
2018-09-06,KUM & GO #92 / ANKENY,INV-14277600002,24,120.24
2018-09-07,YESWAY STORE # 10021/ WEBSTER CITY,INV-14306700001,24,188.4
2018-09-17,HY-VEE FOOD STORE #1 / COUNCIL BLUFFS,INV-14484200130,24,450.0
2018-09-19,CASEY'S GENERAL STORE #3034 / ESTHERVILLE,INV-14527200013,24,121.44
2018-09-26,MISSISSIPPI RIVER DISTILLERY,INV-14689700001,24,900.0
2018-10-04,HY-VEE #3 / BDI / DES MOINES,INV-14851300029,24,651.6
2018-10-05,CASEY'S GENERAL STORE #2284 / COUNCIL BLUFFS,INV-14878100004,24,188.4
2018-10-09,HY-VEE / WAUKEE,INV-14931100058,24,719.28
2018-10-10,HY-VEE / PLEASANT HILL,INV-14962200003,24,413.76
2018-10-11,THE MARKET OF MADRID,INV-15005400002,24,188.4
2018-10-15,CASEY'S GENERAL STORE # 1799/ OSAGE,INV-15030700001,24,188.4
2018-10-18,CENTRAL CITY 2,INV-15135300028,18,571.68
2018-10-22,HY-VEE FOOD STORE #1 / WATERLOO,INV-15180200008,24,560.64
2018-10-23,HY-VEE FOOD STORE / CEDAR FALLS,INV-15231300026,24,450.0
2018-11-01,NORTHSIDE LIQUOR,INV-15426200023,48,221.28
2018-11-05,HY-VEE # 6/ DES MOINES,INV-15468400013,24,575.76
2018-11-07,LIQUOR TOBACCO & GROCERY / FORT DODGE,INV-15549700016,24,120.24
2018-11-12,WAL-MART 0784 / MT PLEASAN,INV-15651600006,24,278.64
2018-11-16,PRONTO MARKET,INV-15760100004,24,120.24
2018-11-29,HY-VEE FOOD AND DRUG / GRAND / WDM,INV-15986000068,24,285.6
2018-12-13,HY-VEE FOOD STORE / CARROLL,INV-16308200087,24,575.76
2018-12-17,WASHINGTON STREET MINI MART,INV-16364300024,36,178.2
2018-12-20,CENTRAL CITY 2,INV-16461500007,24,252.0
2018-12-21,HY-VEE FOOD STORE / CRESTON,INV-16500100045,24,120.24
2018-12-21,RIVERSIDE LIQUOR,INV-16530400019,24,119.28
2018-12-28,HY-VEE WINE AND SPIRITS / DENISON,INV-16624200010,24,378.0
2019-01-08,LOGAN AVE CONVENIENCE STORE / WATERLOO,INV-16816400007,48,244.32
2019-02-05,PRIME MART 7 / WATERLOO,INV-17358600026,48,244.32
2019-02-05,CASEY'S GENERAL STORE #1365 / PAULLINA,INV-17363400002,24,121.44
2019-02-07,KUM & GO #74 / WEST DES MOINES,INV-17420300004,24,120.24
2019-02-15,KUM & GO #28 / NORWALK,INV-17579700034,24,120.24
2019-02-18,HY-VEE FOOD STORE / FAIRFIELD,INV-17617800019,24,121.44
2019-02-19,WAL-MART 0892 / ANKENY,INV-17652600027,24,561.36
2019-02-20,HY-VEE WINE AND SPIRITS / IOWA CITY,INV-17665700125,30,264.6
2019-02-27,HY-VEE #3 FOOD & DRUGSTORE / DAVENPORT,INV-17818500150,24,126.0
2019-03-06,CASEY'S GENERAL STORE #3217 / KNOXVILLE,INV-17945500004,48,133.92
2019-03-06,WAL-MART 4256 / AMES,INV-17958200036,24,119.28
2019-03-07,YESWAY #1148 / MARSHALLTOWN,INV-17995600027,48,576.0
2019-03-11,WAL-MART 1005 / WAVERLY,INV-18049200019,24,188.4
2019-03-12,HY-VEE FOOD STORE #5 / DES MOINES,INV-18075800067,24,188.4
2019-03-13,KUM & GO #226 / SIOUX CITY,INV-18116500016,48,147.84
2019-03-13,SAM'S MINI MART / SIOUX CITY,INV-18116300029,24,120.24
2019-03-14,HILLSTREET NEWS AND TOBACCO,INV-18133700004,24,561.36
2019-03-14,RANDHAWA'S TRAVEL CENTER,INV-18146900005,24,121.44
2019-03-18,WILTON EXPRESS,INV-18197400003,24,121.44
2019-03-20,HY-VEE WINE AND SPIRITS / HUMBOLDT,INV-18241500041,24,121.44
2019-03-21,SAM'S CLUB 6344 / WINDSOR HEIGHTS,INV-18272200055,18,607.5
2019-03-25,WALGREENS #03876 / MARION,INV-18316800002,24,120.24
2019-04-01,HY-VEE FOOD STORE #1 / BURLINGTON,INV-18474600013,24,121.44
2019-04-10,WAL-MART 0886 / FORT DODGE,INV-18685700024,24,120.24
2019-04-15,IOWA MINI MART,INV-18773600030,48,150.72
2019-04-16,PIT STOP LIQUORS / NEWTON,INV-18800300018,24,120.24
2019-04-25,WALGREENS #05944 / JOHNSTON,INV-18980300017,24,188.4
2019-04-29,KC BROTHERS,INV-19038800008,24,121.44
2019-05-03,WAL-MART 0886 / FORT DODGE,INV-19148500031,24,120.24
2019-05-07,SAM'S MINI MART / SIOUX CITY,INV-19222000020,24,121.44
2019-05-10,CASEY'S GENERAL STORE # 3562/ MARION,INV-19278200002,24,188.4
2019-05-15,HY-VEE  #2 / AMES,INV-19370800061,24,161.28
2019-05-20,HY-VEE FOOD STORE #4 / CEDAR RAPIDS,INV-19453700012,24,126.0
2019-05-24,ROCSTOP,INV-19586800007,24,121.44
2019-05-28,CASEY'S GENERAL STORE # 2774/AMANA,INV-19631200002,24,188.4
2019-05-31,WAL-MART 3394 / ATLANTIC,INV-19732200091,60,661.8
2019-05-31,FAREWAY STORES #705 / CLEAR LAKE,INV-19707800004,24,561.36
2019-05-31,DOWNTOWN PANTRY,INV-19711900018,48,150.72
2019-05-31,WAL-MART 1435 / CRESTON,INV-19725100049,24,119.28
2019-06-03,CENTRAL CITY 2,INV-19744200043,24,339.6
2019-06-04,FAREWAY STORES #933 / URBANDALE,INV-19773700011,24,120.24
2019-06-05,CASEY'S GENERAL STORE #38 / TREYNOR,INV-19822700011,24,121.44
2019-06-11,FAREWAY STORES #019 / SIOUX CITY,INV-19934200021,24,630.0
2019-06-11,WALGREENS #11710 / NORTH LIBERTY,INV-19941500012,24,120.24
2019-06-13,HY-VEE FOOD STORE / URBANDALE,INV-19968500019,24,450.0
2019-06-14,SAM'S CLUB 8238 / DAVENPORT,INV-19993100072,18,556.74
2019-06-20,HY-VEE FOOD STORE / JOHNSTON,INV-20113000005,24,121.44
2019-06-21,NEW STAR / KNOXVILLE,INV-20151400014,24,297.12
2019-06-24,HY-VEE FOOD STORE #4 / CEDAR RAPIDS,INV-20161800007,24,188.4
2019-06-26,HY-VEE WINE AND SPIRITS / IOWA CITY,INV-20235600082,48,133.92
2019-07-03,HY-VEE # 6/ DES MOINES,INV-20383300045,24,121.44
2019-07-19,SMOKIN' JOE'S #10 TOBACCO AND LIQUOR OUTLET,INV-20726300073,24,120.24
2019-07-26,SMOKIN' JOE'S #10 TOBACCO AND LIQUOR OUTLET,INV-20870100058,24,126.0
2019-07-29,KUM & GO #508 / CEDAR RAPIDS,INV-20913100027,48,133.92
2019-08-01,SAM'S CLUB 8162 / CEDAR RAPIDS,INV-20976100041,24,594.0
2019-08-12,HY-VEE #3 FOOD & DRUGSTORE / DAVENPORT,INV-21165800063,24,120.24
2019-08-14,YESWAY STORE # 10012/ OTTUMWA,INV-21235700004,24,120.24
2019-08-22,CENTRAL CITY 2,INV-21413900110,24,252.0
2019-08-26,HY-VEE WINE AND SPIRITS / WDM,INV-21464900121,24,1259.76
2019-08-29,SYCAMORE CONVENIENCE,INV-21587400015,24,126.0
2019-09-20,KUM & GO #509 / MARION,INV-22040400019,48,133.92
2019-09-24,HY-VEE / WAUKEE,INV-22088200083,24,378.0
2019-09-25,HOME TOWN WINE & SPIRITS,INV-22139900035,24,121.44
2019-09-30,CASEY'S GENERAL STORE #3042 / BROOKLYN,INV-22215800010,24,120.24
2019-10-08,KUM & GO #226 / SIOUX CITY,INV-22402600010,48,221.28
2019-10-08,HY-VEE WINE AND SPIRITS / HARLAN,INV-22387800016,24,378.0
2019-10-08,HY-VEE FOOD STORE / CEDAR FALLS,INV-22404900006,24,413.76
2019-10-11,CASEY'S GENERAL STORE #24 / BOONE,INV-22456400001,24,121.44
2019-10-17,HY-VEE #2 / CORALVILLE,INV-22606500019,24,486.0
2019-10-22,SUPER STOP 2 / ALTOONA,INV-22734600019,24,120.24
2019-11-04,PRIME STAR,INV-22997000004,48,133.92
2019-11-04,WAL-MART 1787 / CARROLL,INV-23000600036,24,119.28
2019-11-21,HY-VEE / PLEASANT HILL,INV-23390500005,24,359.76
2019-11-23,HY-VEE FOOD STORE #1 / BURLINGTON,INV-23410800036,24,121.44
2019-11-26,CASEY'S GENERAL STORE #3041 / ELK RUN HEIGHTS,INV-23510000011,24,188.4
2019-12-03,KUM & GO #226 / SIOUX CITY,INV-23654100012,48,133.92
2019-12-09,IOWA SMOKE AND LIQUOR,INV-23768600002,48,133.92
2019-12-10,WAL-MART 1005 / WAVERLY,INV-23795800009,24,486.0
2019-12-11,HY-VEE FOOD AND DRUG / GRAND / WDM,INV-23828400051,24,120.24
2019-12-11,WAL-MART 1431 / KEOKUK,INV-23851300043,24,119.28
2019-12-13,SUPER STOP & SHOP / BALDWIN,INV-23917300003,24,121.44
2019-12-16,WAL-MART 2716 / CEDAR RAPIDS,INV-23956000048,24,188.4
2019-12-17,GARY'S LIQUOR & WINE LTD,INV-23997000010,48,221.28
2019-12-17,SAM'S MINI MART / SIOUX CITY,INV-23995000020,48,133.92
2019-12-18,NEW STAR / PELLA,INV-24020900011,48,576.0
2019-12-26,YESWAY STORE # 10034/ BELMOND,INV-24163000002,24,120.24
2019-12-30,HY-VEE FOOD STORE #4 / CEDAR RAPIDS,INV-24252800018,24,120.24
2020-01-08,HY-VEE #4 / WDM,INV-24422600097,24,881.28
2020-01-10,JIFFY EXPRESS / MARTENSDALE,INV-24489000007,24,561.36
2020-01-14,HY-VEE / WAVERLY,INV-24544100021,24,504.0
2020-01-21,SAM'S MINI MART / SIOUX CITY,INV-24719000025,24,188.4
2020-01-27,HY-VEE FOOD STORE #5 / DES MOINES,INV-24803800103,24,561.36
2020-01-31,QUICK MART / HIAWATHA,INV-24945400016,24,126.0
2020-01-31,WAL-MART 1621 / CENTERVILLE,INV-24956000021,24,119.28
2020-02-04,HY-VEE FOOD STORE #4 / SIOUX CITY,INV-25022500055,24,486.0
2020-02-06,WALGREENS #00359 / DES MOINES,INV-25065700013,24,147.36
2020-02-07,WAL-MART 3150 / COUNCIL BLUFFS,INV-25094600019,24,378.0
2020-02-13,SYCAMORE CONVENIENCE,INV-25218500014,24,243.12
2020-02-13,HY-VEE DRUGSTORE / UNIVERSITY / DSM,INV-25213500019,24,115.2
2020-02-19,POINT LIQUOR & TOBACCO,INV-25325300002,24,486.0
2020-03-03,SAM'S CLUB 6514 / WATERLOO,INV-25590700050,24,819.12
2020-03-06,CASEY'S GENERAL STORE #3223 / CRESTON,INV-25677300001,48,133.92
2020-03-10,WAL-MART 1625 / LEMARS,INV-25741300003,24,561.36
2020-03-10,HY-VEE FOOD STORE #1 / WATERLOO,INV-25755700002,24,593.76
2020-03-10,CASEY'S GENERAL STORE #1416 / NEW HAMPTON,INV-25773900019,24,120.24
2020-03-11,HY-VEE WINE AND SPIRITS / ALGONA,INV-25798600030,24,188.4
2020-03-12,LIQUOR TOBACCO & GROCERY - MASON CITY,INV-25838800008,48,221.28
2020-03-20,HY-VEE FOOD STORE #1 / BURLINGTON,INV-26025700036,24,188.4
2020-03-24,FAREWAY STORES #993 / NORTH LIBERTY,INV-26099300019,24,120.24
2020-03-24,WAL-MART 0750 / INDEPENDENCE,INV-26091200035,24,119.28
2020-03-31,R&L FOODS,INV-26220600005,24,300.24
2020-04-03,CASEY'S GENERAL STORE #3217 / KNOXVILLE,INV-26312500002,48,133.92
2020-04-07,CASEY'S GENERAL STORE # 2543/ ALBION,INV-26354800005,24,188.4
2020-04-07,CASEY'S GENERAL STORE #2788 / NORTH LIBERTY,INV-26377800006,24,121.44
2020-04-10,HY-VEE C-STORE / SE ARMY POST,INV-26438900011,24,120.24
2020-04-15,WAL-MART 3762 / WDM,INV-26574500065,24,315.12
2020-04-24,NORTH SIDE LIQUOR & TOBACCO / DUBUQUE,INV-26796400022,48,139.2
2020-04-27,HY-VEE FOOD STORE / MUSCATINE,INV-26860700047,24,378.0
2020-05-05,HY-VEE / WAVERLY,INV-27027100072,24,486.0
2020-05-05,TWIN TOWN LIQUOR,INV-27020000001,24,121.44
2020-05-08,PETRO STOP - NEWTON,INV-27098300020,24,297.12
2020-05-15,WAL-MART 0797 / W BURLINGTON,INV-27267300070,24,119.28
2020-05-19,YESWAY # 1009/ HARLAN,INV-27352000016,48,221.28
2020-05-19,CASEY'S GENERAL STORE #3041 / ELK RUN HEIGHTS,INV-27359100002,24,162.0
2020-05-21,WALGREENS #00359 / DES MOINES,INV-27406100007,24,147.36
2020-05-26,EHLINGER'S VINTON EXPRESS,INV-27480600005,24,188.4
2020-05-28,SAM'S CLUB 6344 / WINDSOR HEIGHTS,INV-27538200054,24,540.0
2020-05-28,SUPER SAVER IV,INV-27543600087,24,378.0
2020-05-28,KEYSTONE LIQUOR,INV-27555300035,48,133.92
2020-06-02,CASEY'S GENERAL STORE #2630 / CEDAR FALLS,INV-27665900005,24,120.24
2020-06-04,XO FOOD AND LIQUOR,INV-27720500019,48,133.92
2020-06-11,CYCLONE LIQUORS,INV-27908000019,24,396.0
2020-06-12,HY-VEE #4 / DAVENPORT,INV-27933900114,24,593.76
2020-06-12,CASEY'S GENERAL STORE #1065 / ASBURY,INV-27958000002,24,121.44
2020-06-23,WAL-MART 1496 / WATERLOO,INV-28206000001,24,594.0
2020-06-24,RICHMOND & FERRY BP,INV-28250400012,24,188.4
2020-06-24,SAM'S CLUB 6344 / WINDSOR HEIGHTS,INV-28234000010,24,756.0
2020-06-29,WAL-MART 1787 / CARROLL,INV-28337000017,24,188.4
2020-07-07,WAL-MART 0647 / GRINNELL,INV-28537100020,24,119.28
2020-07-08,BENZ DISTRIBUTING,INV-28565500015,24,762.24
2020-07-09,HY-VEE / WAUKEE,INV-28590200071,24,297.12
2020-07-14,HY-VEE / WAUKEE,INV-28692200011,24,561.36
2020-07-15,WAL-MART 1393 / OSKALOOSA,INV-28728600020,24,119.28
2020-07-16,HILLSTREET NEWS AND TOBACCO,INV-28771400048,24,252.0
2020-07-21,TOBACCO HUT #11 / SIOUX CITY,INV-28890400005,24,243.12
2020-07-30,SAM'S CLUB 8162 / CEDAR RAPIDS,INV-29111400029,24,594.0
2020-07-31,HY-VEE WINE AND SPIRITS / RED OAK,INV-29135900020,24,188.4
2020-08-03,CENTRAL CITY 2,INV-29165300047,24,415.44
2020-08-07,CASEY'S GENERAL STORE #2364 / URBANDALE,INV-29296100001,48,133.92
2020-08-07,CASEY'S GENERAL STORE #2498 / WAPELLO,INV-29313400010,24,120.24
2020-08-11,LIQUOR AND TOBACCO OUTLET /,INV-29396200023,24,398.64
2020-08-11,PUMP N PAK,INV-29384600010,24,121.44
2020-08-11,PIT STOP LIQUORS / NEWTON,INV-29408900009,24,120.24
2020-08-14,SAM'S CLUB 4973 / DUBUQUE,INV-29485000046,18,614.34
2020-08-18,HY-VEE / WAVERLY,INV-29556000137,24,378.0
2020-08-18,HY-VEE FOOD STORE / URBANDALE,INV-29538600043,24,359.76
2020-08-20,NORTHSIDE LIQUOR,INV-29624000057,48,511.2
2020-08-21,HY-VEE FOOD STORE / MOUNT PLEASANT,INV-29640500093,24,560.64
2020-08-25,CASEY'S GENERAL STORE # 2511/ CRESCO,INV-29727700018,24,120.24
2020-08-26,YESWAY STORE # 10013/ OTTUMWA,INV-29767500004,24,188.4
2020-08-26,CASEY'S GENERAL STORE #3075 / ANKENY,INV-29751300015,24,120.24
2020-08-31,LOT-A-SPIRITS,INV-29857300001,24,306.0
2020-09-04,BIG 10 MART #69,INV-29980400012,24,120.24
2020-09-08,ALS LIQUOR,INV-30032300024,48,221.28
2020-09-09,FAREWAY STORES #014 / SERGEANT BLUFF,INV-30074800005,24,561.36
2020-09-15,HY-VEE FOOD STORE #2 / STATE ANKENY,INV-30226000034,24,582.24
2020-10-06,CASEY'S GENERAL STORE #2563 / EXIRA,INV-30806900016,24,188.4
2020-10-07,CASEY'S GENERAL STORE #3029 / ARMSTRONG,INV-30833000006,24,188.4
2020-10-08,WAL-MART 2827 / CORALVILLE,INV-30854500032,24,115.68
2020-10-09,CENTRAL CITY 2,INV-30877100007,24,378.0
2020-10-14,HY-VEE WINE AND SPIRITS / PELLA,INV-31017500102,24,327.36
2020-10-14,KUM & GO #134 / FAIRFIELD,INV-31019600006,24,120.24
2020-10-16,"GIGGLE JUICE LIQUOR STATION, LLC",INV-31093600025,24,180.0
2020-10-16,CHARITON BP,INV-31113400012,24,486.0
2020-10-16,HY-VEE WINE AND SPIRITS / BOONE,INV-31067400088,24,378.0
2020-10-16,WALGREENS #03876 / MARION,INV-31092700012,24,120.24
2020-10-20,CASEY'S GENERAL STORE #1527 / GRINNELL,INV-31185200008,48,133.92
2020-10-21,WAL-MART 1393 / OSKALOOSA,INV-31222000003,24,561.36
2020-10-21,PRONTO MARKET  / NEW SHARON,INV-31227400010,24,121.44
2020-10-26,FAREWAY STORES #008 / DYERSVILLE,INV-31372800003,24,561.36
2020-10-27,HY-VEE FOOD STORE / SIOUX CITY,INV-31412600122,24,561.36
2020-10-27,CASEY'S GENERAL STORE #2526 / WELLSBURG,INV-31405800007,24,121.44
2020-10-29,HY-VEE FOOD STORE / ALTOONA,INV-31484400023,24,561.36
2020-10-29,PRIME MART / CEDAR FALLS,INV-31499100010,24,561.36
2020-10-30,FAREWAY STORES #597 / CRESTON,INV-31540800007,24,561.36
2020-11-03,PRIME MART #3 / WATERLOO,INV-31641200006,24,120.24
2020-11-04,WAL-MART 1415 / SPIRIT LAKE,INV-31655800003,24,561.36
2020-11-04,SUPER QUICK STOP - COUNCIL BLUFFS,INV-31680900013,24,121.44
2020-11-10,GARY'S LIQUOR & WINE LTD,INV-31821100006,24,561.36
2020-11-10,CITY LIQUOR / IOWA CITY,INV-31833000001,24,315.12
2020-11-10,SAM'S MINI MART / SIOUX CITY,INV-31830100003,24,119.28
2020-11-12,CASEY'S GENERAL STORE # 2789/ CEDAR RAPIDS,INV-31888700002,48,133.92
2020-11-12,HY-VEE FOOD STORE / ALTOONA,INV-31883100002,24,118.8
2020-11-27,CASEY'S GENERAL STORE #1680 / ADEL,INV-32253500001,24,121.44
2020-12-02,CORK AND BOTTLE / OSKALOOSA,INV-32376200001,24,121.44
2020-12-16,HY-VEE #7 / CEDAR RAPIDS,INV-32793400073,24,120.24
2020-12-21,HY-VEE DRUGSTORE #6 / CEDAR RAPIDS,INV-32871200015,24,360.0
2020-12-21,FAREWAY STORES #462 / VINTON,INV-32879600037,24,120.24
2020-12-24,HY-VEE WINE AND SPIRITS / BETTENDORF,INV-32992000128,24,756.0
2021-01-05,MARSHALL BEER WINE SPIRITS,INV-33208600014,24,119.28
2021-01-11,HY-VEE #7 / CEDAR RAPIDS,INV-33336900008,24,561.36
2021-01-15,CASH SAVER  /  FLEUR,INV-33481700033,24,188.4
2021-01-19,WAL-MART 1241 / DAVENPORT,INV-33570700002,24,561.36
2021-01-19,HY-VEE FOOD STORE #2 / STATE ANKENY,INV-33570100022,24,594.0
2021-01-21,HILLSTREET NEWS AND TOBACCO,INV-33653800015,24,153.12
2021-02-03,HY-VEE FOOD STORE #1 / NEWTON,INV-34022400087,24,504.0
2021-02-03,HY-VEE DRUGSTORE / OTTUMWA,INV-34011300050,24,118.8
2021-02-05,SAM'S CLUB 4973 / DUBUQUE,INV-34062800045,24,504.0
2021-02-19,WAL-MART 3394 / ATLANTIC,INV-34468800009,24,561.36
2021-02-22,HY-VEE WINE AND SPIRITS / IOWA CITY,INV-34497300134,24,395.76
2021-02-25,WAL-MART 3590 / SIOUX CITY,INV-34600800011,24,560.64
2021-03-01,SMOKIN' JOE'S #15 TOBACCO AND LIQUOR OUTLET,INV-34665500011,24,121.44
2021-03-02,BREW COFFEE WINE SPIRIT AND CIGARS,INV-34695900025,24,251.76
2021-03-03,I-80 LIQUOR / COUNCIL BLUFFS,INV-34736200034,24,188.4
2021-03-04,WILKIE LIQUORS,INV-34763600004,24,188.4
2021-03-09,HY-VEE / WAVERLY,INV-34873200088,24,378.0
2021-03-09,PRIME MART 7 / WATERLOO,INV-34889000020,48,244.32
2021-03-11,FAREWAY STORES #554 / WASHINGTON,INV-34931300007,24,188.4
2021-03-15,GUPPY'S ON THE GO / WALFORD,INV-35037000008,24,188.4
2021-03-15,CENTRAL CITY 2,INV-35006500075,24,540.0
2021-03-23,HY-VEE FOOD STORE / URBANDALE,INV-35234100010,24,414.0
2021-03-25,HY-VEE / PLEASANT HILL,INV-35327600033,24,561.36
2021-03-25,SYCAMORE CONVENIENCE,INV-35310300027,18,614.34
2021-03-31,HY-VEE FOOD AND DRUG / GRAND / WDM,INV-35481200090,24,120.24
2021-04-01,FAREWAY STORES #138 / PLEASANT HILL,INV-35501300001,24,718.32
2021-04-15,CASEY'S GENERAL STORE #2319 / FT MADISON,INV-35826900002,48,133.92
2021-04-16,ROCSTOP,INV-35883700001,48,221.28
2021-04-21,HY-VEE FOOD AND DRUG / GRAND / WDM,INV-35994800017,24,120.24
2021-04-26,CENTRAL CITY 2,INV-36099500061,24,359.76
2021-04-27,JIFFY EXPRESS / MARTENSDALE,INV-36142800007,48,150.72
2021-04-29,HAPPY'S WINE & SPIRITS,INV-36216900061,18,614.34
2021-05-06,HY-VEE DRUGSTORE / UNIVERSITY / DSM,INV-36404500072,24,594.0
2021-05-07,WAL-MART 0886 / FORT DODGE,INV-36462000027,24,121.44
2021-05-20,HY-VEE FOOD STORE #3 / SIOUX CITY,INV-36806800008,24,188.4
2021-05-20,HY-VEE DRUGSTORE / UNIVERSITY / DSM,INV-36807300061,24,120.0
2021-05-25,WAL-MART 0647 / GRINNELL,INV-36949800014,24,119.28
2021-05-28,RICHMOND & FERRY BP,INV-37042500001,24,120.24
2021-06-02,HY-VEE FOOD STORE / MARSHALLTOWN,INV-37111700127,24,809.76
2021-06-05,CASEY'S GENERAL STORE #2790 / CEDAR RAPIDS,INV-37220800003,48,133.92
2021-06-14,CENTRAL CITY 2,INV-37450700091,24,408.0
2021-06-15,HY-VEE FOOD STORE #2 / STATE ANKENY,INV-37500500041,24,378.0
2021-06-17,YESWAY STORE # 10011/ MASON CITY,INV-37600400009,24,120.24
2021-06-22,HY-VEE / WAUKEE,INV-37698600076,24,630.0
2021-06-28,CASEY'S GENERAL STORE # 2774/AMANA,INV-37877300003,24,188.4
2021-06-28,7STAR LIQUOR & TOBACCO OUTLET,INV-37852500001,48,540.0
2021-07-07,I-80 LIQUOR / COUNCIL BLUFFS,INV-38130700007,24,378.0
2021-07-09,QUICK SHOP FOODS / CENTERVILLE,INV-38217000009,24,188.4
2021-07-12,HY-VEE / DRUGTOWN #1 / CEDAR RAPIDS,INV-38240500009,24,126.0
2021-07-15,HY-VEE FOOD STORE / SIOUX CITY,INV-38362800034,24,597.36
2021-07-15,QUICK SHOP / CLEAR LAKE,INV-38383500018,24,597.36
2021-07-19,HY-VEE #3 FOOD & DRUGSTORE / DAVENPORT,INV-38444900083,24,630.0
2021-07-20,HY-VEE / WAUKEE,INV-38493300104,24,121.68
2021-07-30,CASEY'S GENERAL STORE #2529 / LAMONI,INV-38813800005,24,188.4
2021-07-30,PRICE CHOPPER  /  MERLE HAY #1315,INV-38794400036,24,120.24
2021-08-09,FAREWAY STORES #989 / WAUKEE,INV-39028600022,24,486.0
2021-08-19,WAL-MART 1496 / WATERLOO,INV-39354900018,24,188.4
2021-08-26,CASEY'S GENERAL STORE #2772 / CEDAR RAPIDS,INV-39572700002,24,120.24
2021-09-01,ANOTHER ROUND / DEWITT,INV-39741900013,24,597.36
2021-09-02,HY-VEE / WAUKEE,INV-39761000081,24,486.0
2021-09-08,WAL-MART 1393 / OSKALOOSA,INV-39896400020,24,597.36
2021-09-09,FAREWAY STORES #950 / IOWA CITY,INV-39918600020,24,378.0
2021-09-10,WAL-MART 0753 / CEDAR FALL,INV-39939700024,24,597.36
2021-09-14,HY-VEE WINE AND SPIRITS / BETTENDORF,INV-40056200074,24,597.36
2021-09-15,FAREWAY STORES #551 / EAGLE GROVE,INV-40121000019,24,560.64
2021-09-21,WAL-MART 4606 / OSCEOLA,INV-40262300007,24,597.36
2021-09-22,HY-VEE #7 / CEDAR RAPIDS,INV-40313800002,24,359.76
2021-09-30,PRICE CHOPPER  /  MERLE HAY #1315,INV-40587500037,24,120.24
2021-10-04,WALGREENS #06678 / WEST DES MOINES,INV-40648400016,24,120.24
2021-10-13,KEOKUK SPIRITS,INV-40944700012,24,560.64
2021-10-18,BEER THIRTY STORM LAKE / STORM LAKE,INV-41070000034,48,576.0
2021-10-25,KIMMES COUNTRY STORE ALTA 05,INV-41315600003,24,120.24
2021-10-28,HY-VEE FOOD STORE / JOHNSTON,INV-41451100015,24,594.0
2021-11-08,TARGET STORE T-0069 / WDM,INV-41741600008,24,597.36
2021-11-15,WALL TO WALL WINE AND SPIRITS / WEST DES MOINES,INV-41974000258,24,593.76
2021-11-15,LIQUOR TOBACCO & GAS,INV-41999200005,48,125.28
2021-12-03,CENTRAL CITY 2,INV-42549200024,24,810.0
2021-12-09,HY-VEE FOOD STORE #1 / MASON CITY,INV-42745700003,24,288.0
2021-12-10,HY-VEE FOOD STORE #1 / BURLINGTON,INV-42783300009,24,121.44
2021-12-16,WILKIE LIQUORS,INV-42987400019,18,513.0
2021-12-22,WAL-MART 0751 / PELLA,INV-43188900020,24,119.28
2021-12-23,HY-VEE FOOD STORE / KEOKUK,INV-43202000119,24,597.36
2022-01-11,"CENTRAL CITY LIQUOR, INC.",INV-43673900001,24,360.0
2022-01-12,I-80 LIQUOR / COUNCIL BLUFFS,INV-43739100001,24,486.0
2022-01-13,SYCAMORE CONVENIENCE,INV-43754900017,24,126.0
2022-01-13,HY-VEE FOOD STORE / ALTOONA,INV-43775000099,24,122.88
2022-01-27,HILL BROTHERS JIFFY MART / CEDAR RAPIDS,INV-44181200006,48,252.0
2022-02-08,CASEY'S GENERAL STORE #3452 / WEST U,INV-44535900029,24,120.24
2022-02-15,GOPUFF / IOWA CITY,INV-44762300004,24,162.0
2022-03-03,TARGET STORE T-2041 / DES MOINES,INV-45259800013,24,611.76
2022-03-18,HY-VEE WINE AND SPIRITS / BOONE,INV-45697000023,24,188.4
2022-03-18,CASEY'S GENERAL STORE #3309 / MONTEZ,INV-45713700030,24,120.24
2022-03-31,SYCAMORE CONVENIENCE,INV-46063500002,24,188.4
2022-04-04,KIMMES CARROLL COUNTRY STORE 1 / CARROLL,INV-46171300005,24,188.4
2022-04-07,HY-VEE / PLEASANT HILL,INV-46285000016,24,629.76
2022-04-13,CASEY'S GENERAL STORE #3052 / CLARION,INV-46450500009,24,120.24
2022-04-14,CASEY'S GENERAL STORE #2767 / CEDAR RAPIDS,INV-46483600023,48,133.92
2022-04-19,HY-VEE WINE AND SPIRITS / BETTENDORF,INV-46617100120,24,396.0
2022-04-22,CASEY'S GENERAL STORE #2488 / N ENGLISH,INV-46776900019,24,188.4
2022-04-27,EDDYVILLE TRAVEL PLAZA BP,INV-46914500010,24,121.44
2022-05-05,HY-VEE FOOD STORE #2 / STATE ANKENY,INV-47136400013,24,414.0
2022-05-05,SID'S GAS AND GROCERIES,INV-47125500011,48,133.92
2022-05-06,CASEY'S GENERAL STORE #1330 / HAMBURG,INV-47179400012,24,188.4
2022-05-06,MEGA SAVER,INV-47185500016,48,244.32
2022-05-11,HY-VEE WINE AND SPIRITS / IOWA CITY,INV-47324700004,24,359.76
2022-05-12,HAPPY'S WINE & SPIRITS,INV-47374800146,24,252.0
2022-05-17,CASEY'S GENERAL STORE #3228 / MARSHALLTOWN,INV-47522800002,24,188.4
2022-05-17,WALGREENS #05077 / IOWA CITY,INV-47508600032,24,120.24
2022-05-26,HY-VEE FOOD STORE #2 / STATE ANKENY,INV-47801900002,24,629.76
2022-06-15,OKOBOJI AVENUE LIQUOR,INV-48373400008,24,188.4
2022-06-16,CASEY'S GENERAL STORE #1901 / DES MOINES,INV-48410500005,48,133.92
2022-06-16,TOBACCO OUTLET PLUS #561 / CEDAR FALLS,INV-48407800022,24,120.24
2022-06-24,HY-VEE #1044 / BURLINGTON,INV-48657600082,24,629.76
2022-06-24,CASEY'S GENERAL STORE #3032 / CHARITON,INV-48678000024,24,122.88
2022-06-27,HY-VEE FOOD STORE / MUSCATINE,INV-48691800022,24,324.72
2022-06-30,KUM & GO #8 / 8TH ST / WDM,INV-48829000021,24,122.88
2022-07-05,HY-VEE FOOD STORE #3 / CEDAR RAPIDS,INV-48893000092,24,121.44
2022-07-06,HY-VEE FOOD STORE / OSCEOLA,INV-48949100046,24,629.76
2022-07-09,WESTLAND FAST BREAK,INV-49060000007,1,8.45
2022-07-11,HY-VEE #4 / WDM,INV-49076200094,24,359.76
2022-07-15,CENTRAL CITY 2,INV-49233800023,24,828.0

Итого,,,9469,105856.91
